buttockcircumference,chestcircumference,waistcircumference,headcircumference,thighcircumference
831.4985916720317,1268.9484834006307,2034.263270565747,214.14231807941906,519.7878853574963
28.835717290749535,35.622303173722926,45.10280779026675,14.63360236166813,22.79885710638795
2.826796353532692,3.4852110586187433,4.931955674135414,2.5671398261623883,3.6642402764337585
