buttockcircumference,chestcircumference,waistcircumference,headcircumference,thighcircumference
809.8341191434316,1309.3664673385003,2131.9392937673133,228.70668851647707,511.9759618215246
28.457584562703694,36.18516916277303,46.17292814807518,15.123051560993803,22.6268858180158
2.7897275958522907,3.540280680590993,5.048972472629277,2.6530027942421768,3.636600990907166
